[
    {
        "key": "datr",
        "value": "DO4RZ7J-7vr7vN3tRPYB_ljU",
        "domain": "facebook.com",
        "path": "/",
        "hostOnly": false,
        "creation": "2024-10-18T15:04:15.632Z",
        "lastAccessed": "2024-10-18T15:04:15.632Z"
    },
    {
        "key": "sb",
        "value": "DO4RZ0KPKnjTPTb-jda4e2dr",
        "domain": "facebook.com",
        "path": "/",
        "hostOnly": false,
        "creation": "2024-10-18T15:04:15.632Z",
        "lastAccessed": "2024-10-18T15:04:15.632Z"
    },
    {
        "key": "wd",
        "value": "374x751",
        "domain": "facebook.com",
        "path": "/",
        "hostOnly": false,
        "creation": "2024-10-18T15:04:15.632Z",
        "lastAccessed": "2024-10-18T15:04:15.632Z"
    },
    {
        "key": "c_user",
        "value": "100077573461968",
        "domain": "facebook.com",
        "path": "/",
        "hostOnly": false,
        "creation": "2024-10-18T15:04:15.632Z",
        "lastAccessed": "2024-10-18T15:04:15.632Z"
    },
    {
        "key": "fr",
        "value": "0AbFzl8TFixvzrTJE.AWX3TuzYNFTSkDpU4MSH_Nj6Gc4.BnEe4M..AAA.0.0.BnEe4t.AWVgCFGMVFw",
        "domain": "facebook.com",
        "path": "/",
        "hostOnly": false,
        "creation": "2024-10-18T15:04:15.632Z",
        "lastAccessed": "2024-10-18T15:04:15.632Z"
    },
    {
        "key": "xs",
        "value": "23%3A8rRcTtuHA0q5mg%3A2%3A1729228334%3A-1%3A16251",
        "domain": "facebook.com",
        "path": "/",
        "hostOnly": false,
        "creation": "2024-10-18T15:04:15.632Z",
        "lastAccessed": "2024-10-18T15:04:15.632Z"
    },
    {
        "key": "locale",
        "value": "vi_VN",
        "domain": "facebook.com",
        "path": "/",
        "hostOnly": false,
        "creation": "2024-10-18T15:04:15.632Z",
        "lastAccessed": "2024-10-18T15:04:15.632Z"
    },
    {
        "key": "vpd",
        "value": "v1%3B751x374x2.8929197788238525",
        "domain": "facebook.com",
        "path": "/",
        "hostOnly": false,
        "creation": "2024-10-18T15:04:15.632Z",
        "lastAccessed": "2024-10-18T15:04:15.632Z"
    },
    {
        "key": "dpr",
        "value": "2.8929197788238525",
        "domain": "facebook.com",
        "path": "/",
        "hostOnly": false,
        "creation": "2024-10-18T15:04:15.632Z",
        "lastAccessed": "2024-10-18T15:04:15.632Z"
    },
    {
        "key": "wl_cbv",
        "value": "v2%3Bclient_version%3A2650%3Btimestamp%3A1729263848",
        "domain": "facebook.com",
        "path": "/",
        "hostOnly": false,
        "creation": "2024-10-18T15:04:15.632Z",
        "lastAccessed": "2024-10-18T15:04:15.632Z"
    },
    {
        "key": "fbl_st",
        "value": "100432013%3BT%3A28821064",
        "domain": "facebook.com",
        "path": "/",
        "hostOnly": false,
        "creation": "2024-10-18T15:04:15.632Z",
        "lastAccessed": "2024-10-18T15:04:15.632Z"
    }
]