[
    {
        "threadID": "8189245864438021",
        "shortcuts": [
            {
                "id": "mmBB4CoGsy.png",
                "output": "{name} nói đi thằng đb",
                "uri": "https://files.catbox.moe/bebrvb.jpeg",
                "input_type": "tag",
                "tag_id": "100068096370437"
            }
        ]
    },
    {
        "threadID": "8022049844579792",
        "shortcuts": [
            {
                "id": "CFCWf8rcAo.png",
                "output": "Ng cute nhất boc đây, nói di",
                "uri": "https://files.catbox.moe/4mikw9.jpeg",
                "input_type": "tag",
                "tag_id": "100093617156092"
            },
            {
                "id": "YAom1uArk4.png",
                "output": "Giơ tay đứng lên phát biểu",
                "uri": "https://files.catbox.moe/0onoa2.jpeg",
                "input_type": "tag",
                "tag_id": "100023794421964"
            },
            {
                "id": "oAB9rrmYcl.png",
                "output": "CÔNG CHÚA ĐANG Ẻ 💦💦",
                "uri": "https://files.catbox.moe/kqedtp.jpeg",
                "input_type": "tag",
                "tag_id": "100038264672271"
            }
        ]
    }
]